mean_rr,sdnn,rmssd,nn50,pnn50,mean_hr,min_hr,max_hr,sd1,sd2,sd1_sd2_ratio,csi,cvi,poincare_x,poincare_y,dfa_alpha1,dfa_alpha2,sample_entropy,vlf_power,lf_power,hf_power,total_power,lf_nu,hf_nu,lf_hf_ratio
795.012,35.961,27.791,123,5.583,75.63,67.5,91.91,19.656,46.904,0.4191,2.3863,2.9647,"[813.88888889 811.11111111 788.88888889 ... 705.55555556 700.
 694.44444444]","[811.11111111 788.88888889 791.66666667 ... 700.         694.44444444
 713.88888889]",0.7673,0.9398,1.747361055639602,93.109237,52.256476,459.036851,743.49028,10.22,89.78,0.1138
