mean_rr,sdnn,rmssd,nn50,pnn50,mean_hr,min_hr,max_hr,sd1,sd2,sd1_sd2_ratio,csi,cvi,poincare_x,poincare_y,dfa_alpha1,dfa_alpha2,sample_entropy,vlf_power,lf_power,hf_power,total_power,lf_nu,hf_nu,lf_hf_ratio
967.632,66.047,37.912,364,19.654,62.32,54.14,80.0,26.815,89.473,0.2997,3.3367,3.3801,"[ 869.44444444  875.          891.66666667 ...  988.88888889  991.66666667
 1022.22222222]","[ 875.          891.66666667  933.33333333 ...  991.66666667 1022.22222222
 1052.77777778]",0.918,0.9997,1.6197135750123046,231.72273,339.192315,733.809566,1606.860647,31.612,68.388,0.4622
