mean_rr,sdnn,rmssd,nn50,pnn50,mean_hr,min_hr,max_hr,sd1,sd2,sd1_sd2_ratio,csi,cvi,poincare_x,poincare_y,dfa_alpha1,dfa_alpha2,sample_entropy,vlf_power,lf_power,hf_power,total_power,lf_nu,hf_nu,lf_hf_ratio
866.208,45.901,31.672,200,9.625,69.47,59.18,92.7,22.401,60.927,0.3677,2.7198,3.1351,"[861.11111111 836.11111111 844.44444444 ... 875.         897.22222222
 941.66666667]","[836.11111111 844.44444444 838.88888889 ... 897.22222222 941.66666667
 947.22222222]",0.9668,0.7321,1.6510921397380838,308.80635,203.60541,544.85505,1341.852564,27.203,72.797,0.3737
