mean_rr,sdnn,rmssd,nn50,pnn50,mean_hr,min_hr,max_hr,sd1,sd2,sd1_sd2_ratio,csi,cvi,poincare_x,poincare_y,dfa_alpha1,dfa_alpha2,sample_entropy,vlf_power,lf_power,hf_power,total_power,lf_nu,hf_nu,lf_hf_ratio
788.506,31.226,38.749,6,10.526,76.22,72.0,92.7,27.641,34.439,0.8026,1.2459,2.9786,"[805.55555556 755.55555556 744.44444444 802.77777778 808.33333333
 805.55555556 819.44444444 811.11111111 783.33333333 766.66666667
 769.44444444 816.66666667 808.33333333 808.33333333 816.66666667
 808.33333333 772.22222222 744.44444444 794.44444444 811.11111111
 802.77777778 647.22222222 763.88888889 772.22222222 791.66666667
 808.33333333 797.22222222 825.         794.44444444 744.44444444
 769.44444444 786.11111111 797.22222222 800.         805.55555556
 827.77777778 758.33333333 747.22222222 808.33333333 769.44444444
 811.11111111 827.77777778 805.55555556 797.22222222 788.88888889
 794.44444444 738.88888889 744.44444444 794.44444444 761.11111111
 780.55555556 805.55555556 833.33333333 794.44444444 761.11111111
 794.44444444 797.22222222]","[755.55555556 744.44444444 802.77777778 808.33333333 805.55555556
 819.44444444 811.11111111 783.33333333 766.66666667 769.44444444
 816.66666667 808.33333333 808.33333333 816.66666667 808.33333333
 772.22222222 744.44444444 794.44444444 811.11111111 802.77777778
 647.22222222 763.88888889 772.22222222 791.66666667 808.33333333
 797.22222222 825.         794.44444444 744.44444444 769.44444444
 786.11111111 797.22222222 800.         805.55555556 827.77777778
 758.33333333 747.22222222 808.33333333 769.44444444 811.11111111
 827.77777778 805.55555556 797.22222222 788.88888889 794.44444444
 738.88888889 744.44444444 794.44444444 761.11111111 780.55555556
 805.55555556 833.33333333 794.44444444 761.11111111 794.44444444
 797.22222222 833.33333333]",,,2.1102132003465894,0.0,33803.153216,99.941072,153897.391389,99.705,0.295,338.2308
