mean_rr,sdnn,rmssd,nn50,pnn50,mean_hr,min_hr,max_hr,sd1,sd2,sd1_sd2_ratio,csi,cvi,poincare_x,poincare_y,dfa_alpha1,dfa_alpha2,sample_entropy,vlf_power,lf_power,hf_power,total_power,lf_nu,hf_nu,lf_hf_ratio
700.775,33.732,21.162,37,1.495,85.82,75.79,101.41,14.967,45.295,0.3304,3.0263,2.8312,"[727.77777778 691.66666667 713.88888889 ... 677.77777778 677.77777778
 694.44444444]","[691.66666667 713.88888889 713.88888889 ... 677.77777778 694.44444444
 747.22222222]",0.8553,1.1504,1.4782798241564634,11.603196,14.014749,328.273321,420.123101,4.094,95.906,0.0427
