mean_rr,sdnn,rmssd,nn50,pnn50,mean_hr,min_hr,max_hr,sd1,sd2,sd1_sd2_ratio,csi,cvi,poincare_x,poincare_y,dfa_alpha1,dfa_alpha2,sample_entropy,vlf_power,lf_power,hf_power,total_power,lf_nu,hf_nu,lf_hf_ratio
1113.705,320.501,129.582,554,42.258,57.55,31.26,87.8,91.663,443.892,0.2065,4.8426,4.6095,"[1036.11111111 1005.55555556 1005.55555556 ...  855.55555556  963.88888889
  991.66666667]","[1005.55555556 1005.55555556 1058.33333333 ...  963.88888889  991.66666667
  961.11111111]",1.3254,1.0927,0.5762810026464729,14377.557185,10664.07813,2303.367851,36109.150335,82.237,17.763,4.6298
