mean_rr,sdnn,rmssd,nn50,pnn50,mean_hr,min_hr,max_hr,sd1,sd2,sd1_sd2_ratio,csi,cvi,poincare_x,poincare_y,dfa_alpha1,dfa_alpha2,sample_entropy,vlf_power,lf_power,hf_power,total_power,lf_nu,hf_nu,lf_hf_ratio
1020.087,92.661,70.574,659,39.017,59.32,44.91,77.98,49.918,121.162,0.412,2.4272,3.7816,"[ 983.33333333  963.88888889 1016.66666667 ...  894.44444444  880.55555556
  836.11111111]","[ 963.88888889 1016.66666667  938.88888889 ...  880.55555556  836.11111111
  827.77777778]",0.8497,1.1549,1.5342567639762632,250.329178,1557.484938,1428.67595,3760.299492,52.157,47.843,1.0902
