mean_rr,sdnn,rmssd,nn50,pnn50,mean_hr,min_hr,max_hr,sd1,sd2,sd1_sd2_ratio,csi,cvi,poincare_x,poincare_y,dfa_alpha1,dfa_alpha2,sample_entropy,vlf_power,lf_power,hf_power,total_power,lf_nu,hf_nu,lf_hf_ratio
712.95,31.016,25.043,89,3.633,84.32,74.48,102.86,17.712,40.129,0.4414,2.2656,2.8517,"[644.44444444 633.33333333 655.55555556 ... 727.77777778 747.22222222
 791.66666667]","[633.33333333 655.55555556 669.44444444 ... 747.22222222 791.66666667
 744.44444444]",0.807,0.9623,1.681507399772836,51.385501,17.63082,395.356225,550.543754,4.269,95.731,0.0446
