mean_rr,sdnn,rmssd,nn50,pnn50,mean_hr,min_hr,max_hr,sd1,sd2,sd1_sd2_ratio,csi,cvi,poincare_x,poincare_y,dfa_alpha1,dfa_alpha2,sample_entropy,vlf_power,lf_power,hf_power,total_power,lf_nu,hf_nu,lf_hf_ratio
849.95,37.743,34.422,275,12.978,70.73,61.19,87.45,24.346,47.501,0.5125,1.9511,3.0631,"[811.11111111 875.         897.22222222 ... 811.11111111 808.33333333
 813.88888889]","[875.         897.22222222 841.66666667 ... 808.33333333 813.88888889
 786.11111111]",0.6833,1.0048,1.7575138907148875,51.032115,55.807291,522.222615,738.554409,9.655,90.345,0.1069
