mean_rr,sdnn,rmssd,nn50,pnn50,mean_hr,min_hr,max_hr,sd1,sd2,sd1_sd2_ratio,csi,cvi,poincare_x,poincare_y,dfa_alpha1,dfa_alpha2,sample_entropy,vlf_power,lf_power,hf_power,total_power,lf_nu,hf_nu,lf_hf_ratio
711.107,20.691,17.064,3,0.118,84.45,71.52,91.91,12.069,26.657,0.4527,2.2088,2.5075,"[716.66666667 727.77777778 688.88888889 ... 713.88888889 711.11111111
 736.11111111]","[727.77777778 688.88888889 713.88888889 ... 711.11111111 736.11111111
 713.88888889]",0.7245,1.0414,1.7308857221796077,31.502243,30.879073,21.487005,104.777142,58.968,41.032,1.4371
