mean_rr,sdnn,rmssd,nn50,pnn50,mean_hr,min_hr,max_hr,sd1,sd2,sd1_sd2_ratio,csi,cvi,poincare_x,poincare_y,dfa_alpha1,dfa_alpha2,sample_entropy,vlf_power,lf_power,hf_power,total_power,lf_nu,hf_nu,lf_hf_ratio
1006.421,91.7,88.051,974,55.499,60.15,47.37,89.63,62.279,113.75,0.5475,1.8264,3.8503,"[1147.22222222 1063.88888889 1000.         ...  930.55555556  988.88888889
  863.88888889]","[1063.88888889 1000.         1050.         ...  988.88888889  863.88888889
  886.11111111]",0.8965,0.6318,1.7583386372677055,699.352548,1765.61506,2940.650278,6253.10631,37.516,62.484,0.6004
