mean_rr,sdnn,rmssd,nn50,pnn50,mean_hr,min_hr,max_hr,sd1,sd2,sd1_sd2_ratio,csi,cvi,poincare_x,poincare_y,dfa_alpha1,dfa_alpha2,sample_entropy,vlf_power,lf_power,hf_power,total_power,lf_nu,hf_nu,lf_hf_ratio
957.076,98.686,48.249,480,27.165,63.36,46.85,85.38,34.126,135.326,0.2522,3.9654,3.6645,"[1155.55555556 1158.33333333 1138.88888889 ...  788.88888889  744.44444444
  727.77777778]","[1158.33333333 1138.88888889 1144.44444444 ...  744.44444444  727.77777778
  722.22222222]",0.5992,1.0873,1.211559701654471,175.296861,161.642538,863.394769,1429.431116,15.769,84.231,0.1872
