mean_rr,sdnn,rmssd,nn50,pnn50,mean_hr,min_hr,max_hr,sd1,sd2,sd1_sd2_ratio,csi,cvi,poincare_x,poincare_y,dfa_alpha1,dfa_alpha2,sample_entropy,vlf_power,lf_power,hf_power,total_power,lf_nu,hf_nu,lf_hf_ratio
922.804,84.232,70.475,877,45.253,65.55,48.21,85.71,49.846,108.192,0.4607,2.1705,3.7318,"[ 991.66666667  922.22222222 1002.77777778 ...  841.66666667  838.88888889
  805.55555556]","[ 922.22222222 1002.77777778 1161.11111111 ...  838.88888889  805.55555556
  855.55555556]",0.9407,0.6263,1.832326654217055,1086.223554,1662.448679,1736.987151,5283.217061,48.904,51.096,0.9571
