mean_rr,sdnn,rmssd,nn50,pnn50,mean_hr,min_hr,max_hr,sd1,sd2,sd1_sd2_ratio,csi,cvi,poincare_x,poincare_y,dfa_alpha1,dfa_alpha2,sample_entropy,vlf_power,lf_power,hf_power,total_power,lf_nu,hf_nu,lf_hf_ratio
748.614,22.757,18.037,3,0.137,80.22,72.24,91.53,12.757,29.547,0.4317,2.3162,2.5763,"[775.         766.66666667 741.66666667 ... 719.44444444 697.22222222
 719.44444444]","[766.66666667 741.66666667 736.11111111 ... 697.22222222 719.44444444
 711.11111111]",0.7209,1.0747,1.7695138602807354,27.609749,47.024762,60.709359,161.249186,43.649,56.351,0.7746
