mean_rr,sdnn,rmssd,nn50,pnn50,mean_hr,min_hr,max_hr,sd1,sd2,sd1_sd2_ratio,csi,cvi,poincare_x,poincare_y,dfa_alpha1,dfa_alpha2,sample_entropy,vlf_power,lf_power,hf_power,total_power,lf_nu,hf_nu,lf_hf_ratio
1177.058,40.202,34.721,204,13.325,51.04,46.55,70.13,24.56,51.276,0.479,2.0878,3.1001,"[1136.11111111 1133.33333333 1116.66666667 ... 1177.77777778 1158.33333333
 1188.88888889]","[1133.33333333 1116.66666667 1183.33333333 ... 1158.33333333 1188.88888889
 1188.88888889]",1.1708,0.7753,1.910029715612712,298.418219,175.896367,197.211793,864.214892,47.144,52.856,0.8919
