mean_rr,sdnn,rmssd,nn50,pnn50,mean_hr,min_hr,max_hr,sd1,sd2,sd1_sd2_ratio,csi,cvi,poincare_x,poincare_y,dfa_alpha1,dfa_alpha2,sample_entropy,vlf_power,lf_power,hf_power,total_power,lf_nu,hf_nu,lf_hf_ratio
794.556,65.098,31.555,50,2.443,75.99,37.18,96.43,22.318,89.316,0.2499,4.002,3.2996,"[836.11111111 847.22222222 850.         ... 700.         738.88888889
 727.77777778]","[847.22222222 850.         844.44444444 ... 738.88888889 727.77777778
 750.        ]",0.8806,1.2526,0.9153082526728069,596.796164,1104.821917,176.022362,2440.133137,86.257,13.743,6.2766
