mean_rr,sdnn,rmssd,nn50,pnn50,mean_hr,min_hr,max_hr,sd1,sd2,sd1_sd2_ratio,csi,cvi,poincare_x,poincare_y,dfa_alpha1,dfa_alpha2,sample_entropy,vlf_power,lf_power,hf_power,total_power,lf_nu,hf_nu,lf_hf_ratio
1053.492,347.572,288.964,278,23.761,61.16,30.21,84.38,204.416,447.02,0.4573,2.1868,4.9608,"[938.88888889 933.33333333 888.88888889 ... 869.44444444 936.11111111
 941.66666667]","[933.33333333 888.88888889 897.22222222 ... 936.11111111 941.66666667
 888.88888889]",1.1293,0.8205,0.13662866696895606,30619.348636,34617.286961,13395.726447,104584.386771,72.1,27.9,2.5842
