mean_rr,sdnn,rmssd,nn50,pnn50,mean_hr,min_hr,max_hr,sd1,sd2,sd1_sd2_ratio,csi,cvi,poincare_x,poincare_y,dfa_alpha1,dfa_alpha2,sample_entropy,vlf_power,lf_power,hf_power,total_power,lf_nu,hf_nu,lf_hf_ratio
969.196,82.148,20.108,16,0.862,62.41,54.55,84.38,14.222,115.301,0.1233,8.1071,3.2148,"[ 972.22222222 1002.77777778  952.77777778 ...  808.33333333  808.33333333
  833.33333333]","[1002.77777778  952.77777778  977.77777778 ...  808.33333333  833.33333333
  808.33333333]",1.1371,1.2479,0.8826627012073122,180.420828,123.306303,106.888471,498.004578,53.566,46.434,1.1536
