mean_rr,sdnn,rmssd,nn50,pnn50,mean_hr,min_hr,max_hr,sd1,sd2,sd1_sd2_ratio,csi,cvi,poincare_x,poincare_y,dfa_alpha1,dfa_alpha2,sample_entropy,vlf_power,lf_power,hf_power,total_power,lf_nu,hf_nu,lf_hf_ratio
729.306,40.115,19.121,24,0.97,82.52,65.65,99.54,13.523,55.096,0.2454,4.0742,2.8722,"[647.22222222 652.77777778 658.33333333 ... 711.11111111 713.88888889
 722.22222222]","[652.77777778 658.33333333 608.33333333 ... 713.88888889 722.22222222
 727.77777778]",1.1125,1.0358,1.4317892613395382,273.247319,114.894642,73.157199,584.550917,61.097,38.903,1.5705
