mean_rr,sdnn,rmssd,nn50,pnn50,mean_hr,min_hr,max_hr,sd1,sd2,sd1_sd2_ratio,csi,cvi,poincare_x,poincare_y,dfa_alpha1,dfa_alpha2,sample_entropy,vlf_power,lf_power,hf_power,total_power,lf_nu,hf_nu,lf_hf_ratio
1191.595,114.52,101.119,943,62.575,50.84,39.42,66.67,71.525,145.305,0.4922,2.0315,4.0167,"[1333.33333333 1308.33333333 1325.         ... 1052.77777778 1030.55555556
  958.33333333]","[1308.33333333 1325.         1186.11111111 ... 1030.55555556  958.33333333
  963.88888889]",1.1701,0.5465,1.614966312651037,1262.350466,4888.728463,2473.447995,10493.785639,66.403,33.597,1.9765
