mean_rr,sdnn,rmssd,nn50,pnn50,mean_hr,min_hr,max_hr,sd1,sd2,sd1_sd2_ratio,csi,cvi,poincare_x,poincare_y,dfa_alpha1,dfa_alpha2,sample_entropy,vlf_power,lf_power,hf_power,total_power,lf_nu,hf_nu,lf_hf_ratio
1119.837,72.615,41.842,351,23.199,53.81,45.47,69.45,29.597,98.336,0.301,3.3225,3.464,"[1250.         1183.33333333 1202.77777778 ... 1030.55555556 1000.
 1011.11111111]","[1183.33333333 1202.77777778 1213.88888889 ... 1000.         1011.11111111
 1016.66666667]",0.9153,1.1273,1.2585046110630431,487.392112,283.276815,273.905888,1227.401398,50.841,49.159,1.0342
