mean_rr,sdnn,rmssd,nn50,pnn50,mean_hr,min_hr,max_hr,sd1,sd2,sd1_sd2_ratio,csi,cvi,poincare_x,poincare_y,dfa_alpha1,dfa_alpha2,sample_entropy,vlf_power,lf_power,hf_power,total_power,lf_nu,hf_nu,lf_hf_ratio
971.019,364.074,188.423,712,50.106,70.54,34.39,113.68,133.282,497.328,0.268,3.7314,4.8214,"[1325.         1302.77777778 1247.22222222 ...  727.77777778  686.11111111
  711.11111111]","[1302.77777778 1247.22222222 1247.22222222 ...  686.11111111  711.11111111
  730.55555556]",1.2616,0.9252,0.3923332973772773,17875.582879,27585.088608,6518.740702,67435.61337,80.886,19.114,4.2317
