mean_rr,sdnn,rmssd,nn50,pnn50,mean_hr,min_hr,max_hr,sd1,sd2,sd1_sd2_ratio,csi,cvi,poincare_x,poincare_y,dfa_alpha1,dfa_alpha2,sample_entropy,vlf_power,lf_power,hf_power,total_power,lf_nu,hf_nu,lf_hf_ratio
936.218,377.362,154.686,612,58.733,73.6,30.0,160.0,109.429,522.33,0.2095,4.7732,4.7571,"[ 711.11111111  752.77777778  608.33333333 ... 1736.11111111 1988.88888889
 1902.77777778]","[ 752.77777778  608.33333333  788.88888889 ... 1988.88888889 1902.77777778
 1933.33333333]",1.0724,1.0435,0.6278541999926694,12783.974274,9029.875315,1752.896352,29614.589938,83.744,16.256,5.1514
