mean_rr,sdnn,rmssd,nn50,pnn50,mean_hr,min_hr,max_hr,sd1,sd2,sd1_sd2_ratio,csi,cvi,poincare_x,poincare_y,dfa_alpha1,dfa_alpha2,sample_entropy,vlf_power,lf_power,hf_power,total_power,lf_nu,hf_nu,lf_hf_ratio
878.882,286.949,87.42,596,34.057,77.59,30.08,152.11,61.833,401.069,0.1542,6.4863,4.3944,"[1094.44444444 1147.22222222 1169.44444444 ...  588.88888889  694.44444444
  758.33333333]","[1147.22222222 1169.44444444 1122.22222222 ...  694.44444444  758.33333333
  727.77777778]",1.2165,1.0325,0.31936877795277074,8298.384518,4520.321279,1745.107256,19843.173362,72.147,27.853,2.5903
