mean_rr,sdnn,rmssd,nn50,pnn50,mean_hr,min_hr,max_hr,sd1,sd2,sd1_sd2_ratio,csi,cvi,poincare_x,poincare_y,dfa_alpha1,dfa_alpha2,sample_entropy,vlf_power,lf_power,hf_power,total_power,lf_nu,hf_nu,lf_hf_ratio
674.142,139.732,126.139,902,67.82,93.26,42.19,181.51,89.227,176.32,0.5061,1.9761,4.1968,"[636.11111111 561.11111111 744.44444444 ... 830.55555556 675.
 675.        ]","[561.11111111 744.44444444 591.66666667 ... 675.         675.
 913.88888889]",1.0415,0.6767,1.630337976541842,3442.405207,8159.009214,3453.688168,18423.473293,70.259,29.741,2.3624
