mean_rr,sdnn,rmssd,nn50,pnn50,mean_hr,min_hr,max_hr,sd1,sd2,sd1_sd2_ratio,csi,cvi,poincare_x,poincare_y,dfa_alpha1,dfa_alpha2,sample_entropy,vlf_power,lf_power,hf_power,total_power,lf_nu,hf_nu,lf_hf_ratio
684.205,36.383,15.355,2,0.079,87.94,77.7,99.54,10.86,50.295,0.2159,4.6312,2.7373,"[658.33333333 666.66666667 661.11111111 ... 736.11111111 738.88888889
 750.        ]","[666.66666667 661.11111111 677.77777778 ... 738.88888889 750.
 725.        ]",0.5475,1.2178,1.1724610759567766,30.162094,26.325748,62.13691,140.479309,29.759,70.241,0.4237
