mean_rr,sdnn,rmssd,nn50,pnn50,mean_hr,min_hr,max_hr,sd1,sd2,sd1_sd2_ratio,csi,cvi,poincare_x,poincare_y,dfa_alpha1,dfa_alpha2,sample_entropy,vlf_power,lf_power,hf_power,total_power,lf_nu,hf_nu,lf_hf_ratio
935.317,203.038,63.542,160,10.825,66.07,30.0,93.51,44.943,283.599,0.1585,6.3102,4.1054,"[ 911.11111111  994.44444444  919.44444444 ...  988.88888889 1061.11111111
 1955.55555556]","[ 994.44444444  919.44444444  886.11111111 ... 1061.11111111 1955.55555556
 2000.        ]",1.2058,1.269,0.31424169713360167,25407.024242,762.450923,567.878805,29605.933421,57.313,42.687,1.3426
