mean_rr,sdnn,rmssd,nn50,pnn50,mean_hr,min_hr,max_hr,sd1,sd2,sd1_sd2_ratio,csi,cvi,poincare_x,poincare_y,dfa_alpha1,dfa_alpha2,sample_entropy,vlf_power,lf_power,hf_power,total_power,lf_nu,hf_nu,lf_hf_ratio
1115.995,540.769,345.209,551,54.447,69.67,30.04,135.85,244.22,724.72,0.337,2.9675,5.248,"[1938.88888889 1886.11111111 1938.88888889 ... 1311.11111111 1450.
 1352.77777778]","[1886.11111111 1938.88888889 1786.11111111 ... 1450.         1352.77777778
 1383.33333333]",1.1641,1.0233,0.30325672974777185,23873.790853,20718.822296,6056.176009,66598.523805,77.381,22.619,3.4211
