mean_rr,sdnn,rmssd,nn50,pnn50,mean_hr,min_hr,max_hr,sd1,sd2,sd1_sd2_ratio,csi,cvi,poincare_x,poincare_y,dfa_alpha1,dfa_alpha2,sample_entropy,vlf_power,lf_power,hf_power,total_power,lf_nu,hf_nu,lf_hf_ratio
623.959,36.996,31.519,202,8.132,96.51,80.0,124.14,22.291,47.333,0.4709,2.1234,3.0233,"[655.55555556 650.         638.88888889 ... 658.33333333 661.11111111
 666.66666667]","[650.         638.88888889 622.22222222 ... 661.11111111 666.66666667
 638.88888889]",0.8256,1.1781,1.528673035710229,364.40466,281.707458,308.957908,1201.767996,47.693,52.307,0.9118
