mean_rr,sdnn,rmssd,nn50,pnn50,mean_hr,min_hr,max_hr,sd1,sd2,sd1_sd2_ratio,csi,cvi,poincare_x,poincare_y,dfa_alpha1,dfa_alpha2,sample_entropy,vlf_power,lf_power,hf_power,total_power,lf_nu,hf_nu,lf_hf_ratio
690.763,91.222,94.603,1140,56.464,88.07,39.49,118.68,66.911,110.299,0.6066,1.6484,3.8681,"[536.11111111 613.88888889 597.22222222 ... 697.22222222 702.77777778
 772.22222222]","[613.88888889 597.22222222 602.77777778 ... 702.77777778 772.22222222
 758.33333333]",0.8416,0.7373,2.030410250518779,2181.224862,3930.319196,1994.555924,10109.343968,66.336,33.664,1.9705
