mean_rr,sdnn,rmssd,nn50,pnn50,mean_hr,min_hr,max_hr,sd1,sd2,sd1_sd2_ratio,csi,cvi,poincare_x,poincare_y,dfa_alpha1,dfa_alpha2,sample_entropy,vlf_power,lf_power,hf_power,total_power,lf_nu,hf_nu,lf_hf_ratio
656.837,40.836,26.047,130,4.739,91.69,63.91,110.2,18.422,54.733,0.3366,2.9711,3.0036,"[658.33333333 680.55555556 633.33333333 ... 772.22222222 758.33333333
 719.44444444]","[680.55555556 633.33333333 677.77777778 ... 758.33333333 719.44444444
 755.55555556]",1.1648,0.7854,1.737290560866618,110.071047,335.251813,467.723952,1072.63598,41.751,58.249,0.7168
