mean_rr,sdnn,rmssd,nn50,pnn50,mean_hr,min_hr,max_hr,sd1,sd2,sd1_sd2_ratio,csi,cvi,poincare_x,poincare_y,dfa_alpha1,dfa_alpha2,sample_entropy,vlf_power,lf_power,hf_power,total_power,lf_nu,hf_nu,lf_hf_ratio
643.37,201.431,84.945,96,4.082,99.43,50.47,116.13,60.078,278.459,0.2158,4.635,4.2235,"[625.         541.66666667 555.55555556 ... 555.55555556 563.88888889
 591.66666667]","[541.66666667 555.55555556 563.88888889 ... 563.88888889 591.66666667
 561.11111111]",1.3934,0.99,0.032084906019394024,8359.163024,8503.507187,1550.84103,23336.267252,84.575,15.425,5.4832
