mean_rr,sdnn,rmssd,nn50,pnn50,mean_hr,min_hr,max_hr,sd1,sd2,sd1_sd2_ratio,csi,cvi,poincare_x,poincare_y,dfa_alpha1,dfa_alpha2,sample_entropy,vlf_power,lf_power,hf_power,total_power,lf_nu,hf_nu,lf_hf_ratio
796.837,65.774,60.613,478,27.19,75.78,36.73,94.74,42.872,82.549,0.5194,1.9255,3.5489,"[800.         872.22222222 875.         ... 772.22222222 741.66666667
 688.88888889]","[872.22222222 875.         875.         ... 741.66666667 688.88888889
 733.33333333]",0.7965,0.7496,1.760876726192609,539.958966,438.425361,1735.537491,3323.252244,20.167,79.833,0.2526
