mean_rr,sdnn,rmssd,nn50,pnn50,mean_hr,min_hr,max_hr,sd1,sd2,sd1_sd2_ratio,csi,cvi,poincare_x,poincare_y,dfa_alpha1,dfa_alpha2,sample_entropy,vlf_power,lf_power,hf_power,total_power,lf_nu,hf_nu,lf_hf_ratio
536.643,27.755,24.557,97,3.185,112.1,87.8,129.34,17.367,35.2,0.4934,2.0268,2.7863,"[525.         527.77777778 558.33333333 ... 544.44444444 547.22222222
 511.11111111]","[527.77777778 558.33333333 547.22222222 ... 547.22222222 511.11111111
 527.77777778]",1.1036,0.5064,2.121536610846889,12.456558,41.165191,531.318518,696.41047,7.191,92.809,0.0775
