window_start_s,window_end_s,n_beats,mean_rr,sdnn,rmssd,nn50,pnn50,mean_hr,min_hr,max_hr,vlf_power,lf_power,hf_power,total_power,lf_nu,hf_nu,lf_hf_ratio,sd1,sd2,sd1_sd2_ratio,csi,cvi,sample_entropy
563.6902777777777,863.6902777777777,26,776.282,184.544,275.548,20,80.0,79.52,36.3,88.89,102994.168379,1279.211425,122.49979,115202.652377,91.261,8.739,10.4426,198.856,169.023,1.1765,0.85,4.5265,0.9057086225436182
623.6902777777777,923.6902777777777,35,842.381,275.39,341.139,26,76.471,75.71,35.64,88.89,112066.015347,6055.594052,152.141858,139842.854886,97.549,2.451,39.8023,244.12,303.454,0.8045,1.2431,4.8697,0.7786693539981073
683.6902777777777,983.6902777777777,69,784.219,206.415,271.981,40,58.824,79.39,35.64,93.1,100238.017122,14597.881695,358.478345,137511.570518,97.603,2.397,40.7218,193.747,218.35,0.8873,1.127,4.6264,0.9389821430762259
743.6902777777777,1043.6902777777777,95,776.433,202.534,241.568,55,58.511,80.24,35.64,96.0,84331.995067,14341.583122,625.649683,120426.739543,95.82,4.18,22.9227,171.641,229.303,0.7485,1.3359,4.595,0.9558725210378586
803.6902777777777,1103.6902777777777,95,775.585,202.976,254.887,54,57.447,80.35,35.64,96.0,34373.838761,19782.998414,531.173442,78497.54445,97.385,2.615,37.244,181.198,222.634,0.8139,1.2287,4.6057,0.9240277143763076
863.6902777777777,1163.6902777777777,82,770.664,194.149,229.602,42,51.852,80.67,35.64,96.0,29117.001206,16391.342528,510.914851,62516.653735,96.977,3.023,32.0823,163.364,220.681,0.7403,1.3509,4.5569,0.908855753386637
923.6902777777777,1223.6902777777777,73,738.28,121.925,132.063,35,48.611,82.64,39.42,96.0,29215.679707,7834.238408,334.048118,45046.355926,95.91,4.09,23.4524,94.038,144.527,0.6507,1.5369,4.1333,1.4118276631250555
983.6902777777777,1283.6902777777777,39,750.427,160.55,172.98,22,57.895,82.16,39.42,96.0,31416.296899,5750.273493,122.263044,44008.374925,97.918,2.082,47.032,123.953,190.232,0.6516,1.5347,4.3725,1.1394342831883648
