mean_rr,sdnn,rmssd,nn50,pnn50,mean_hr,min_hr,max_hr,sd1,sd2,sd1_sd2_ratio,csi,cvi,poincare_x,poincare_y,dfa_alpha1,dfa_alpha2,sample_entropy,vlf_power,lf_power,hf_power,total_power,lf_nu,hf_nu,lf_hf_ratio
836.984,196.374,159.485,985,62.067,74.5,37.44,104.35,112.808,253.772,0.4445,2.2496,4.4568,"[872.22222222 758.33333333 886.11111111 ... 747.22222222 813.88888889
 761.11111111]","[758.33333333 886.11111111 808.33333333 ... 813.88888889 761.11111111
 802.77777778]",1.0936,0.9649,1.3273296606372558,4801.457707,7901.39716,4735.095241,21904.369232,62.528,37.472,1.6687
