mean_rr,sdnn,rmssd,nn50,pnn50,mean_hr,min_hr,max_hr,sd1,sd2,sd1_sd2_ratio,csi,cvi,poincare_x,poincare_y,dfa_alpha1,dfa_alpha2,sample_entropy,vlf_power,lf_power,hf_power,total_power,lf_nu,hf_nu,lf_hf_ratio
895.578,44.325,26.519,71,3.755,67.16,55.96,79.7,18.757,59.813,0.3136,3.1889,3.05,"[791.66666667 830.55555556 844.44444444 ... 880.55555556 863.88888889
 852.77777778]","[830.55555556 844.44444444 825.         ... 863.88888889 852.77777778
 888.88888889]",0.939,0.9638,1.1576066230117834,122.638566,176.016129,187.280379,591.966227,48.45,51.55,0.9399
