mean_rr,sdnn,rmssd,nn50,pnn50,mean_hr,min_hr,max_hr,sd1,sd2,sd1_sd2_ratio,csi,cvi,poincare_x,poincare_y,dfa_alpha1,dfa_alpha2,sample_entropy,vlf_power,lf_power,hf_power,total_power,lf_nu,hf_nu,lf_hf_ratio
725.798,102.842,119.979,779,61.002,84.09,44.08,113.09,84.871,118.109,0.7186,1.3916,4.001,"[880.55555556 722.22222222 811.11111111 ... 608.33333333 705.55555556
 816.66666667]","[722.22222222 811.11111111 758.33333333 ... 705.55555556 816.66666667
 777.77777778]",0.8666,0.6864,1.8629915472194365,1584.925153,6700.603589,3116.09725,13762.091735,68.257,31.743,2.1503
