mean_rr,sdnn,rmssd,nn50,pnn50,mean_hr,min_hr,max_hr,sd1,sd2,sd1_sd2_ratio,csi,cvi,poincare_x,poincare_y,dfa_alpha1,dfa_alpha2,sample_entropy,vlf_power,lf_power,hf_power,total_power,lf_nu,hf_nu,lf_hf_ratio
782.305,231.304,138.309,1046,57.221,83.54,30.08,167.44,97.826,312.143,0.3134,3.1908,4.4848,"[777.77777778 791.66666667 683.33333333 ... 625.         738.88888889
 786.11111111]","[791.66666667 683.33333333 836.11111111 ... 738.88888889 786.11111111
 719.44444444]",1.3582,0.8597,0.806511946878664,10899.715375,21905.539704,2927.020498,47053.268116,88.213,11.787,7.4839
