mean_rr,sdnn,rmssd,nn50,pnn50,mean_hr,min_hr,max_hr,sd1,sd2,sd1_sd2_ratio,csi,cvi,poincare_x,poincare_y,dfa_alpha1,dfa_alpha2,sample_entropy,vlf_power,lf_power,hf_power,total_power,lf_nu,hf_nu,lf_hf_ratio
781.783,217.253,96.385,132,6.992,80.52,38.43,97.3,68.172,299.583,0.2276,4.3945,4.3101,"[766.66666667 775.         763.88888889 ... 700.         716.66666667
 694.44444444]","[775.         763.88888889 755.55555556 ... 716.66666667 694.44444444
 694.44444444]",1.2202,1.0191,0.16957325083389085,9569.66111,8603.253759,2379.183165,26132.768911,78.336,21.664,3.6161
