mean_rr,sdnn,rmssd,nn50,pnn50,mean_hr,min_hr,max_hr,sd1,sd2,sd1_sd2_ratio,csi,cvi,poincare_x,poincare_y,dfa_alpha1,dfa_alpha2,sample_entropy,vlf_power,lf_power,hf_power,total_power,lf_nu,hf_nu,lf_hf_ratio
974.672,283.239,134.633,672,46.732,64.95,30.0,84.71,95.233,389.075,0.2448,4.0855,4.5688,"[758.33333333 813.88888889 930.55555556 ... 855.55555556 922.22222222
 925.        ]","[813.88888889 930.55555556 847.22222222 ... 922.22222222 925.
 869.44444444]",1.3776,0.897,0.5910461724501327,17227.842557,9393.570095,3913.309433,39496.899185,70.592,29.408,2.4004
