mean_rr,sdnn,rmssd,nn50,pnn50,mean_hr,min_hr,max_hr,sd1,sd2,sd1_sd2_ratio,csi,cvi,poincare_x,poincare_y,dfa_alpha1,dfa_alpha2,sample_entropy,vlf_power,lf_power,hf_power,total_power,lf_nu,hf_nu,lf_hf_ratio
800.507,85.893,28.367,154,6.838,75.82,57.75,100.93,20.063,119.803,0.1675,5.9714,3.3809,"[761.11111111 741.66666667 733.33333333 ... 652.77777778 644.44444444
 650.        ]","[741.66666667 733.33333333 716.66666667 ... 644.44444444 650.
 652.77777778]",1.3544,1.0887,0.8977052304893882,428.450256,963.095792,265.114065,1979.7098,78.415,21.585,3.6328
