mean_rr,sdnn,rmssd,nn50,pnn50,mean_hr,min_hr,max_hr,sd1,sd2,sd1_sd2_ratio,csi,cvi,poincare_x,poincare_y,dfa_alpha1,dfa_alpha2,sample_entropy,vlf_power,lf_power,hf_power,total_power,lf_nu,hf_nu,lf_hf_ratio
1147.82,318.348,84.588,602,38.714,55.64,33.28,72.48,59.832,446.218,0.1341,7.4578,4.4265,"[963.88888889 888.88888889 886.11111111 ... 986.11111111 919.44444444
 997.22222222]","[ 888.88888889  886.11111111  961.11111111 ...  919.44444444  997.22222222
 1002.77777778]",1.1419,1.2553,0.43013439040246043,6894.722545,3365.842331,1397.170984,14399.421622,70.666,29.334,2.409
