mean_rr,sdnn,rmssd,nn50,pnn50,mean_hr,min_hr,max_hr,sd1,sd2,sd1_sd2_ratio,csi,cvi,poincare_x,poincare_y,dfa_alpha1,dfa_alpha2,sample_entropy,vlf_power,lf_power,hf_power,total_power,lf_nu,hf_nu,lf_hf_ratio
655.493,186.903,136.178,92,6.069,96.2,48.43,111.92,96.324,246.144,0.3913,2.5554,4.3749,"[1191.66666667 1163.88888889  616.66666667 ...  611.11111111  602.77777778
  588.88888889]","[1163.88888889  616.66666667  591.66666667 ...  602.77777778  588.88888889
  600.        ]",1.068,0.8255,0.12479648877865993,8344.867856,13647.386813,3230.868883,32542.03671,80.858,19.142,4.2241
