mean_rr,sdnn,rmssd,nn50,pnn50,mean_hr,min_hr,max_hr,sd1,sd2,sd1_sd2_ratio,csi,cvi,poincare_x,poincare_y,dfa_alpha1,dfa_alpha2,sample_entropy,vlf_power,lf_power,hf_power,total_power,lf_nu,hf_nu,lf_hf_ratio
658.253,17.495,17.655,5,0.186,91.21,82.13,104.85,12.486,21.361,0.5845,1.7108,2.426,"[641.66666667 666.66666667 652.77777778 ... 675.         700.
 677.77777778]","[666.66666667 652.77777778 669.44444444 ... 700.         677.77777778
 655.55555556]",0.5286,1.005,1.7612585711293867,429.571397,135.080001,86.955728,947.897243,60.837,39.163,1.5534
