predicted,actual
77.09933,91.16045458780256
77.13934,90.17631985507128
77.12834,88.4968066704871
76.97094,85.89397325573381
76.586464,84.21446007114965
76.05703,85.62399434783599
75.678856,87.63018629830039
