predicted,actual
75.801025,91.16045458780256
76.044945,90.17631985507128
76.25438,88.4968066704871
76.41952,85.89397325573381
76.50473,84.21446007114965
76.52735,85.62399434783599
76.51764,87.63018629830039
